word,chapter,volume,type
あ,7,1,vocab
ありがとう,7,1,vocab
ありがとうございます,7,1,vocab
いいえ,7,1,vocab
おはようございます,7,1,vocab
お休みなさい,7,1,vocab
お元気ですか。,7,1,vocab
お名前,7,1,vocab
お名前は何ですか。,7,1,vocab
お辞儀,7,1,vocab
か,7,1,vocab
こんにちは,7,1,vocab
です,7,1,vocab
どういたしまして,7,1,vocab
どうぞよろしく,7,1,vocab
どうもありがとうございます,7,1,vocab
は,7,1,vocab
はい,7,1,vocab
アメリカ,7,1,vocab
アメリカ人,7,1,vocab
カナダ,7,1,vocab
ジョン,7,1,vocab
今晩は,7,1,vocab
何,7,1,vocab
何,7,1,vocab
元気です。,7,1,vocab
初めまして,7,1,vocab
日本,7,1,vocab
日本人,7,1,vocab
真理子,7,1,vocab
～人,7,1,vocab
でしょう,8,1,vocab
りんご,8,1,vocab
ペン,8,1,vocab
水,8,1,vocab
犬,8,1,vocab
猫,8,1,vocab
鉛筆,8,1,vocab
馬,8,1,vocab
鳥,8,1,vocab
お手洗い,9,1,vocab
お箸,9,1,vocab
お風呂,9,1,vocab
お風呂場,9,1,vocab
エアコン,9,1,vocab
カウチ,9,1,vocab
コップ,9,1,vocab
コンピューター,9,1,vocab
スプーン,9,1,vocab
テレビ,9,1,vocab
テーブル,9,1,vocab
トイレ,9,1,vocab
ドア,9,1,vocab
ナイフ,9,1,vocab
ベッド,9,1,vocab
ラジオ,9,1,vocab
冷蔵庫,9,1,vocab
台所,9,1,vocab
壁,9,1,vocab
天井,9,1,vocab
家,9,1,vocab
居間,9,1,vocab
屋根,9,1,vocab
布団,9,1,vocab
床,9,1,vocab
時計,9,1,vocab
本,9,1,vocab
本棚,9,1,vocab
椅子,9,1,vocab
流し台,9,1,vocab
畳,9,1,vocab
皿,9,1,vocab
窓,9,1,vocab
茶碗,9,1,vocab
部屋,9,1,vocab
障子,9,1,vocab
一,10,1,vocab
七,10,1,vocab
七,10,1,vocab
七十,10,1,vocab
七千,10,1,vocab
七百,10,1,vocab
万,10,1,vocab
三,10,1,vocab
三十,10,1,vocab
三千,10,1,vocab
三百,10,1,vocab
九,10,1,vocab
九,10,1,vocab
九十,10,1,vocab
九千,10,1,vocab
九百,10,1,vocab
二,10,1,vocab
二十,10,1,vocab
二千,10,1,vocab
二百,10,1,vocab
五,10,1,vocab
五十,10,1,vocab
五千,10,1,vocab
五百,10,1,vocab
億,10,1,vocab
八,10,1,vocab
八十,10,1,vocab
八千,10,1,vocab
八百,10,1,vocab
六,10,1,vocab
六十,10,1,vocab
六千,10,1,vocab
六百,10,1,vocab
十,10,1,vocab
千,10,1,vocab
四,10,1,vocab
四,10,1,vocab
四十,10,1,vocab
四千,10,1,vocab
四百,10,1,vocab
百,10,1,vocab
いい,11,1,vocab
お天気,11,1,vocab
ね,11,1,vocab
一昨年,11,1,vocab
一昨日,11,1,vocab
一月,11,1,vocab
七月,11,1,vocab
三月,11,1,vocab
九月,11,1,vocab
二月,11,1,vocab
今年,11,1,vocab
今日,11,1,vocab
今月,11,1,vocab
今朝,11,1,vocab
今週,11,1,vocab
先々月,11,1,vocab
先々週,11,1,vocab
先月,11,1,vocab
先週,11,1,vocab
八月,11,1,vocab
公園,11,1,vocab
六月,11,1,vocab
再来年,11,1,vocab
再来月,11,1,vocab
再来週,11,1,vocab
冬,11,1,vocab
十月,11,1,vocab
去年,11,1,vocab
四月,11,1,vocab
土曜日,11,1,vocab
夏,11,1,vocab
夕べ,11,1,vocab
夜,11,1,vocab
日曜日,11,1,vocab
明後日,11,1,vocab
明日,11,1,vocab
春,11,1,vocab
昨日,11,1,vocab
月曜日,11,1,vocab
木曜日,11,1,vocab
来年,11,1,vocab
来月,11,1,vocab
来週,11,1,vocab
毎年,11,1,vocab
毎日,11,1,vocab
毎月,11,1,vocab
毎週,11,1,vocab
毎～,11,1,vocab
水曜日,11,1,vocab
火曜日,11,1,vocab
秋,11,1,vocab
金曜日,11,1,vocab
～月,11,1,vocab
お帰りなさい,13,1,vocab
さよなら,13,1,vocab
じゃ、また,13,1,vocab
じゃあね,13,1,vocab
すみません,13,1,vocab
では,13,1,vocab
またね,13,1,vocab
只今,13,1,vocab
失礼します,13,1,vocab
行ってらっしゃい,13,1,vocab
行って来ます,13,1,vocab
そう,14,1,vocab
何曜日,14,1,vocab
何月,14,1,vocab
オートバイ,15,1,vocab
コンビニ,15,1,vocab
スーパー,15,1,vocab
スーパーマーケット,15,1,vocab
タクシー,15,1,vocab
バイク,15,1,vocab
バス,15,1,vocab
バス停,15,1,vocab
パン,15,1,vocab
パン屋,15,1,vocab
レストラン,15,1,vocab
交番,15,1,vocab
地下鉄,15,1,vocab
太陽,15,1,vocab
山,15,1,vocab
川,15,1,vocab
店,15,1,vocab
木,15,1,vocab
本屋,15,1,vocab
本屋さん,15,1,vocab
湖,15,1,vocab
空,15,1,vocab
自転車,15,1,vocab
花,15,1,vocab
草,15,1,vocab
車,15,1,vocab
道,15,1,vocab
郵便局,15,1,vocab
銀行,15,1,vocab
雨,15,1,vocab
雲,15,1,vocab
電車,15,1,vocab
駅,15,1,vocab
～屋,15,1,vocab
～屋さん,15,1,vocab
あなた,16,1,vocab
その人,16,1,vocab
人,16,1,vocab
友達,16,1,vocab
私,16,1,vocab
～さん,16,1,vocab
～達,16,1,vocab
が,18,1,vocab
ご飯,18,1,vocab
にんにく,18,1,vocab
ねぎ,18,1,vocab
みかん,18,1,vocab
オレンジ,18,1,vocab
オレンジジュース,18,1,vocab
チキン,18,1,vocab
トマト,18,1,vocab
ハンバーガー,18,1,vocab
ハンバーグ,18,1,vocab
ビール,18,1,vocab
ファーストフード,18,1,vocab
フライポテト,18,1,vocab
マクドナルド,18,1,vocab
マスカット,18,1,vocab
ミルクセーキ,18,1,vocab
モスバーガー,18,1,vocab
レタス,18,1,vocab
レモネード,18,1,vocab
レモン,18,1,vocab
ワイン,18,1,vocab
一番,18,1,vocab
人参,18,1,vocab
刺身,18,1,vocab
卵,18,1,vocab
和食,18,1,vocab
大好き,18,1,vocab
大嫌い,18,1,vocab
天ぷら,18,1,vocab
好き,18,1,vocab
嫌い,18,1,vocab
寿司,18,1,vocab
山葵,18,1,vocab
昼,18,1,vocab
昼ご飯,18,1,vocab
晩,18,1,vocab
晩ご飯,18,1,vocab
朝,18,1,vocab
朝ご飯,18,1,vocab
果物,18,1,vocab
梨,18,1,vocab
洋食,18,1,vocab
焼き鳥,18,1,vocab
牛乳,18,1,vocab
玉ねぎ,18,1,vocab
芋,18,1,vocab
苺,18,1,vocab
葡萄,18,1,vocab
西瓜,18,1,vocab
酒,18,1,vocab
酢,18,1,vocab
醤油,18,1,vocab
野菜,18,1,vocab
食べ物,18,1,vocab
食事,18,1,vocab
飲み物,18,1,vocab
魚,18,1,vocab
～が一番好きです。,18,1,vocab
～が好きです。,18,1,vocab
～が嫌いです。,18,1,vocab
あそこ,19,1,vocab
あちら,19,1,vocab
あの,19,1,vocab
あれ,19,1,vocab
あんな,19,1,vocab
ここ,19,1,vocab
こちら,19,1,vocab
この,19,1,vocab
これ,19,1,vocab
こんな,19,1,vocab
そこ,19,1,vocab
そちら,19,1,vocab
その,19,1,vocab
それ,19,1,vocab
そんな,19,1,vocab
どこ,19,1,vocab
どちら,19,1,vocab
どの,19,1,vocab
どれ,19,1,vocab
どんな,19,1,vocab
ごみ箱,20,1,vocab
イギリス,20,1,vocab
イタリア,20,1,vocab
オーストラリア,20,1,vocab
スペイン,20,1,vocab
ドイツ,20,1,vocab
フランス,20,1,vocab
中国,20,1,vocab
中学校,20,1,vocab
体育,20,1,vocab
先生,20,1,vocab
台湾,20,1,vocab
国語,20,1,vocab
地理,20,1,vocab
大学,20,1,vocab
学校,20,1,vocab
小学校,20,1,vocab
数学,20,1,vocab
机,20,1,vocab
歴史,20,1,vocab
理科,20,1,vocab
生徒,20,1,vocab
社会,20,1,vocab
科学,20,1,vocab
科目,20,1,vocab
英国,20,1,vocab
英語,20,1,vocab
韓国,20,1,vocab
高校,20,1,vocab
高等学校,20,1,vocab
黒板,20,1,vocab
～年生,20,1,vocab
～生,20,1,vocab
～語,20,1,vocab
の,21,1,vocab
女,21,1,vocab
女の人,21,1,vocab
子,21,1,vocab
男,21,1,vocab
男の子,21,1,vocab
下さい,22,1,vocab
来ます,22,1,vocab
行きます,22,1,vocab
見ます,22,1,vocab
読みます,22,1,vocab
食べます,22,1,vocab
飲みます,22,1,vocab
～てください,22,1,vocab
に,24,1,vocab
うん,25,1,vocab
よ,25,1,vocab
を,25,1,vocab
何か,25,1,vocab
あります,26,1,vocab
います,26,1,vocab
と,26,1,vocab
や,26,1,vocab
おじいさん,27,1,vocab
おじいちゃん,27,1,vocab
おじさん,27,1,vocab
おばあさん,27,1,vocab
おばあちゃん,27,1,vocab
おばさん,27,1,vocab
お兄さん,27,1,vocab
お姉さん,27,1,vocab
お母さん,27,1,vocab
お父さん,27,1,vocab
ご主人,27,1,vocab
主人,27,1,vocab
兄,27,1,vocab
奥さん,27,1,vocab
妹,27,1,vocab
妹さん,27,1,vocab
妻,27,1,vocab
姉,27,1,vocab
弟,27,1,vocab
弟さん,27,1,vocab
彼,27,1,vocab
彼女,27,1,vocab
従兄弟,27,1,vocab
旦那,27,1,vocab
旦那さん,27,1,vocab
母,27,1,vocab
父,27,1,vocab
～ちゃん,27,1,vocab
お金,28,1,vocab
カラオケ,28,1,vocab
サッカー,28,1,vocab
スポーツ,28,1,vocab
テニス,28,1,vocab
トランペット,28,1,vocab
ドライブ,28,1,vocab
ハイキング,28,1,vocab
バスケットボール,28,1,vocab
パーティー,28,1,vocab
ピアノ,28,1,vocab
フットボール,28,1,vocab
博物館,28,1,vocab
喫茶店,28,1,vocab
城,28,1,vocab
山登り,28,1,vocab
所,28,1,vocab
散歩,28,1,vocab
映画,28,1,vocab
映画館,28,1,vocab
田舎,28,1,vocab
美術,28,1,vocab
美術館,28,1,vocab
興味,28,1,vocab
見学,28,1,vocab
誕生日,28,1,vocab
買い物,28,1,vocab
趣味,28,1,vocab
都会,28,1,vocab
野球,28,1,vocab
音楽,28,1,vocab
上,29,1,vocab
下,29,1,vocab
中,29,1,vocab
前,29,1,vocab
右,29,1,vocab
右側,29,1,vocab
外,29,1,vocab
左,29,1,vocab
左側,29,1,vocab
後,29,1,vocab
後ろ,29,1,vocab
～側,29,1,vocab
します,30,1,vocab
も,30,1,vocab
もしもし,30,1,vocab
分かります,30,1,vocab
勉強,30,1,vocab
座ります,30,1,vocab
掃除,30,1,vocab
料理,30,1,vocab
書きます,30,1,vocab
立ちます,30,1,vocab
練習,30,1,vocab
聞きます,30,1,vocab
話します,30,1,vocab
買います,30,1,vocab
電話,30,1,vocab
いつ,31,1,vocab
どうして,31,1,vocab
どうやって,31,1,vocab
何で,31,1,vocab
何故,31,1,vocab
誰,31,1,vocab
お幾つ,33,1,vocab
から,33,1,vocab
まで,33,1,vocab
一つ,33,1,vocab
一人,33,1,vocab
一個,33,1,vocab
一分,33,1,vocab
一匹,33,1,vocab
一日,33,1,vocab
一本,33,1,vocab
一歳,33,1,vocab
七つ,33,1,vocab
七分,33,1,vocab
七日,33,1,vocab
三つ,33,1,vocab
三人,33,1,vocab
三分,33,1,vocab
三匹,33,1,vocab
三日,33,1,vocab
三本,33,1,vocab
九つ,33,1,vocab
九分,33,1,vocab
九日,33,1,vocab
二つ,33,1,vocab
二人,33,1,vocab
二分,33,1,vocab
二十四日,33,1,vocab
二十日,33,1,vocab
二十歳,33,1,vocab
二日,33,1,vocab
五つ,33,1,vocab
五分,33,1,vocab
五日,33,1,vocab
今,33,1,vocab
何人,33,1,vocab
何個,33,1,vocab
何匹,33,1,vocab
何年,33,1,vocab
何日,33,1,vocab
何時,33,1,vocab
何本,33,1,vocab
何枚,33,1,vocab
何歳,33,1,vocab
八つ,33,1,vocab
八個,33,1,vocab
八分,33,1,vocab
八匹,33,1,vocab
八日,33,1,vocab
八本,33,1,vocab
八歳,33,1,vocab
六つ,33,1,vocab
六個,33,1,vocab
六分,33,1,vocab
六匹,33,1,vocab
六日,33,1,vocab
六本,33,1,vocab
切手,33,1,vocab
十,33,1,vocab
十個,33,1,vocab
十分,33,1,vocab
十匹,33,1,vocab
十四日,33,1,vocab
十日,33,1,vocab
十本,33,1,vocab
十歳,33,1,vocab
午前,33,1,vocab
午後,33,1,vocab
四つ,33,1,vocab
四人,33,1,vocab
四分,33,1,vocab
四日,33,1,vocab
幾つ,33,1,vocab
幾ら,33,1,vocab
手紙,33,1,vocab
紙,33,1,vocab
～人,33,1,vocab
～個,33,1,vocab
～円,33,1,vocab
～分,33,1,vocab
～匹,33,1,vocab
～半,33,1,vocab
～年,33,1,vocab
～日,33,1,vocab
～時,33,1,vocab
～本,33,1,vocab
～札,33,1,vocab
～枚,33,1,vocab
～歳,33,1,vocab
～玉,33,1,vocab
が,34,1,vocab
けど,34,1,vocab
けれど,34,1,vocab
けれども,34,1,vocab
しかし,34,1,vocab
でも,34,1,vocab
ねずみ色,35,1,vocab
オレンジ色,35,1,vocab
上手,35,1,vocab
下手,35,1,vocab
冷たい,35,1,vocab
変,35,1,vocab
奇麗,35,1,vocab
寒い,35,1,vocab
暑い,35,1,vocab
暖かい,35,1,vocab
涼しい,35,1,vocab
無い,35,1,vocab
白い,35,1,vocab
簡単,35,1,vocab
紫,35,1,vocab
緑,35,1,vocab
色,35,1,vocab
茶色,35,1,vocab
蒸し暑い,35,1,vocab
赤い,35,1,vocab
青い,35,1,vocab
黄色い,35,1,vocab
黒い,35,1,vocab
うるさい,36,1,vocab
つまらない,36,1,vocab
まずい,36,1,vocab
一杯,36,1,vocab
低い,36,1,vocab
優しい,36,1,vocab
凄い,36,1,vocab
厳しい,36,1,vocab
大きい,36,1,vocab
嬉しい,36,1,vocab
安い,36,1,vocab
小さい,36,1,vocab
広い,36,1,vocab
弱い,36,1,vocab
強い,36,1,vocab
悪い,36,1,vocab
悲しい,36,1,vocab
楽しい,36,1,vocab
汚い,36,1,vocab
狭い,36,1,vocab
短い,36,1,vocab
美しい,36,1,vocab
美味しい,36,1,vocab
良い,36,1,vocab
速い,36,1,vocab
遅い,36,1,vocab
醜い,36,1,vocab
長い,36,1,vocab
難しい,36,1,vocab
静か,36,1,vocab
高い,36,1,vocab
お医者,37,1,vocab
かみます,37,1,vocab
そして,37,1,vocab
ちょっと,37,1,vocab
とても,37,1,vocab
どう,37,1,vocab
インフルエンザ,37,1,vocab
ウエスト,37,1,vocab
上がります,37,1,vocab
下がります,37,1,vocab
下痢,37,1,vocab
元気,37,1,vocab
具合,37,1,vocab
出ます,37,1,vocab
受けます,37,1,vocab
口,37,1,vocab
咳,37,1,vocab
太い,37,1,vocab
引きます,37,1,vocab
手,37,1,vocab
手首,37,1,vocab
指,37,1,vocab
歯,37,1,vocab
毛,37,1,vocab
沢山,37,1,vocab
注射,37,1,vocab
熱,37,1,vocab
爪,37,1,vocab
病人,37,1,vocab
病気,37,1,vocab
病院,37,1,vocab
痛い,37,1,vocab
目,37,1,vocab
看護婦,37,1,vocab
素敵,37,1,vocab
細い,37,1,vocab
耳,37,1,vocab
肘,37,1,vocab
肩,37,1,vocab
背,37,1,vocab
背中,37,1,vocab
胸,37,1,vocab
腕,37,1,vocab
膝,37,1,vocab
舌,37,1,vocab
薬,37,1,vocab
足,37,1,vocab
足の指,37,1,vocab
足首,37,1,vocab
頬,37,1,vocab
頭,37,1,vocab
額,37,1,vocab
顔,37,1,vocab
風邪,37,1,vocab
首,37,1,vocab
髪の毛,37,1,vocab
鼻,37,1,vocab
鼻水,37,1,vocab
～度,37,1,vocab
知ります,38,1,vocab
はめます,39,1,vocab
イヤリング,39,1,vocab
シャツ,39,1,vocab
スーツ,39,1,vocab
ズボン,39,1,vocab
セーター,39,1,vocab
ソックス,39,1,vocab
ドレス,39,1,vocab
ネクタイ,39,1,vocab
ハイヒール,39,1,vocab
パンツ,39,1,vocab
ブラ,39,1,vocab
ベルト,39,1,vocab
マフラー,39,1,vocab
ワイシャツ,39,1,vocab
下着,39,1,vocab
和服,39,1,vocab
履きます,39,1,vocab
帽子,39,1,vocab
手袋,39,1,vocab
洋服,39,1,vocab
着ます,39,1,vocab
着物,39,1,vocab
被ります,39,1,vocab
靴,39,1,vocab
で,40,1,vocab
シアトル,40,1,vocab
シカゴ,40,1,vocab
ロサンゼルス,40,1,vocab
ロンドン,40,1,vocab
新幹線,40,1,vocab
歩きます,40,1,vocab
泳ぎます,40,1,vocab
船,40,1,vocab
走ります,40,1,vocab
運転します,40,1,vocab
飛びます,40,1,vocab
飛行機,40,1,vocab
～州,40,1,vocab
アルバイト,41,1,vocab
サラリーマン,41,1,vocab
ソフト,41,1,vocab
プログラマー,41,1,vocab
事務所,41,1,vocab
仕事,41,1,vocab
仕事場,41,1,vocab
会社,41,1,vocab
会計,41,1,vocab
働きます,41,1,vocab
同僚,41,1,vocab
工場,41,1,vocab
店員,41,1,vocab
弁護士,41,1,vocab
待ちます,41,1,vocab
従業員,41,1,vocab
教授,41,1,vocab
社長,41,1,vocab
秘書,41,1,vocab
給料,41,1,vocab
編集,41,1,vocab
課長,41,1,vocab
部長,41,1,vocab
部門,41,1,vocab
～部,41,1,vocab
実,44,1,vocab
実際,44,1,vocab
本当,44,1,vocab
確か,44,1,vocab
絶対,44,1,vocab
ひょう,45,1,vocab
台風,45,1,vocab
地震,45,1,vocab
嵐,45,1,vocab
晴れます,45,1,vocab
曇ります,45,1,vocab
津波,45,1,vocab
竜巻,45,1,vocab
襲います,45,1,vocab
降ります,45,1,vocab
雪,45,1,vocab
ああ,,1,vocab
あめりか,,1,vocab
ありがとうございました,,1,vocab
あれ,,1,vocab
いかが,,1,vocab
ええ,,1,vocab
ええ、と・・・,,1,vocab
お元気,,1,vocab
お兄ちゃん,,1,vocab
お家,,1,vocab
お店,,1,vocab
お水,,1,vocab
お願いします,,1,vocab
か,,1,vocab
かしこまります,,1,vocab
かなだ,,1,vocab
くみます,,1,vocab
くれます,,1,vocab
じゃ,,1,vocab
じょん,,1,vocab
それでは,,1,vocab
だ,,1,vocab
だろう,,1,vocab
ちきん,,1,vocab
とかします,,1,vocab
どうも,,1,vocab
な,,1,vocab
なります,,1,vocab
ねずみ,,1,vocab
のに,,1,vocab
ぺん,,1,vocab
また,,1,vocab
やった！,,1,vocab
やります,,1,vocab
やります,,1,vocab
ゆすぎます,,1,vocab
よく,,1,vocab
よく,,1,vocab
よろしくお願いします,,1,vocab
オレゴン,,1,vocab
ガラス,,1,vocab
キャンセルします,,1,vocab
グレー,,1,vocab
サラダ油,,1,vocab
シェアします,,1,vocab
ジャケット,,1,vocab
ジュース,,1,vocab
スミス,,1,vocab
チェックアウトします,,1,vocab
チェックインします,,1,vocab
トロント,,1,vocab
ハイキングします,,1,vocab
ハワイ,,1,vocab
ビリヤード,,1,vocab
フランス語,,1,vocab
マルク,,1,vocab
ワシントン,,1,vocab
一時,,1,vocab
七人,,1,vocab
七歳,,1,vocab
三個,,1,vocab
三分,,1,vocab
三年生,,1,vocab
上げます,,1,vocab
上げます,,1,vocab
上ります,,1,vocab
上品,,1,vocab
下がります,,1,vocab
下げます,,1,vocab
下さいます,,1,vocab
下ります,,1,vocab
下品,,1,vocab
不足,,1,vocab
中学,,1,vocab
中学生,,1,vocab
中止します,,1,vocab
中田,,1,vocab
乗ります,,1,vocab
九時,,1,vocab
乾かします,,1,vocab
乾きます,,1,vocab
二個,,1,vocab
二十五日,,1,vocab
二本,,1,vocab
五時,,1,vocab
五月,,1,vocab
他,,1,vocab
休みます,,1,vocab
会います,,1,vocab
会話します,,1,vocab
住みます,,1,vocab
作ります,,1,vocab
使います,,1,vocab
借ります,,1,vocab
健,,1,vocab
光ります,,1,vocab
入ります,,1,vocab
入れます,,1,vocab
入力します,,1,vocab
入門,,1,vocab
八時,,1,vocab
八時半,,1,vocab
円,,1,vocab
冬眠します,,1,vocab
冷凍,,1,vocab
冷凍します,,1,vocab
冷凍庫,,1,vocab
冷凍食品,,1,vocab
出します,,1,vocab
出力します,,1,vocab
出発します,,1,vocab
切ります,,1,vocab
切れます,,1,vocab
到着します,,1,vocab
剃ります,,1,vocab
前回,,1,vocab
努力,,1,vocab
努力します,,1,vocab
勉強します,,1,vocab
北東,,1,vocab
北西,,1,vocab
十一,,1,vocab
十一日,,1,vocab
十一月,,1,vocab
十二,,1,vocab
十二月,,1,vocab
十六日,,1,vocab
協力します,,1,vocab
参ります,,1,vocab
取ります,,1,vocab
叫びます,,1,vocab
呼びます,,1,vocab
四歳,,1,vocab
地,,1,vocab
地球,,1,vocab
声明します,,1,vocab
売ります,,1,vocab
大きな,,1,vocab
天文学,,1,vocab
女の子,,1,vocab
始まります,,1,vocab
始めます,,1,vocab
嬉しがります,,1,vocab
季節,,1,vocab
学びます,,1,vocab
安心します,,1,vocab
完璧,,1,vocab
宿泊します,,1,vocab
宿題,,1,vocab
寒がります,,1,vocab
寝ます,,1,vocab
小学,,1,vocab
小学生,,1,vocab
差し上げます,,1,vocab
帰ります,,1,vocab
帰国します,,1,vocab
庭,,1,vocab
従姉妹,,1,vocab
心配します,,1,vocab
忘れます,,1,vocab
忙しい,,1,vocab
思います,,1,vocab
惜しい！,,1,vocab
感動します,,1,vocab
払います,,1,vocab
折ります,,1,vocab
拭きます,,1,vocab
持ちます,,1,vocab
持って来ます,,1,vocab
持って行きます,,1,vocab
掃除します,,1,vocab
探します,,1,vocab
握手,,1,vocab
握手します,,1,vocab
教えます,,1,vocab
料理します,,1,vocab
新しい,,1,vocab
旅行します,,1,vocab
日本,,1,vocab
日本語,,1,vocab
明白,,1,vocab
易しい,,1,vocab
曲がります,,1,vocab
楽しみにします,,1,vocab
楽しみます,,1,vocab
構います,,1,vocab
欲しがります,,1,vocab
歌います,,1,vocab
止まります,,1,vocab
止めます,,1,vocab
歯ブラシ,,1,vocab
死にます,,1,vocab
毎朝,,1,vocab
気に入ります,,1,vocab
気をつけます,,1,vocab
決まります,,1,vocab
決めます,,1,vocab
沖縄,,1,vocab
注意します,,1,vocab
注文します,,1,vocab
洗います,,1,vocab
浴びます,,1,vocab
清めます,,1,vocab
渡します,,1,vocab
温かい,,1,vocab
温めます,,1,vocab
満足します,,1,vocab
準備します,,1,vocab
焼きます,,1,vocab
熱い,,1,vocab
片仮名,,1,vocab
犬歯,,1,vocab
生きます,,1,vocab
生まれます,,1,vocab
生みます,,1,vocab
用います,,1,vocab
用心します,,1,vocab
田中,,1,vocab
男の人,,1,vocab
疲れます,,1,vocab
発明,,1,vocab
発明します,,1,vocab
発車します,,1,vocab
白,,1,vocab
目標,,1,vocab
着きます,,1,vocab
確認します,,1,vocab
磨きます,,1,vocab
私たち,,1,vocab
空きます,,1,vocab
空きます,,1,vocab
穿きます,,1,vocab
答えます,,1,vocab
緑色,,1,vocab
練習します,,1,vocab
繰り返します,,1,vocab
置きます,,1,vocab
考えます,,1,vocab
脱ぎます,,1,vocab
致します,,1,vocab
花子,,1,vocab
行きたがります,,1,vocab
裕子,,1,vocab
要ります,,1,vocab
見せます,,1,vocab
見たがります,,1,vocab
見つけます,,1,vocab
見物,,1,vocab
覚えます,,1,vocab
観光します,,1,vocab
言います,,1,vocab
設立します,,1,vocab
説明します,,1,vocab
読みたがります,,1,vocab
販売機,,1,vocab
貰います,,1,vocab
貸します,,1,vocab
赤,,1,vocab
起きます,,1,vocab
越します,,1,vocab
足ります,,1,vocab
辛子,,1,vocab
込みます,,1,vocab
遊びます,,1,vocab
運動します,,1,vocab
選びます,,1,vocab
野崎,,1,vocab
鈴木,,1,vocab
閉まります,,1,vocab
閉めます,,1,vocab
開きます,,1,vocab
開きます,,1,vocab
開けます,,1,vocab
電話します,,1,vocab
青,,1,vocab
音声,,1,vocab
頂きます,,1,vocab
預かります,,1,vocab
飛行場,,1,vocab
食べたがります,,1,vocab
食事します,,1,vocab
食品,,1,vocab
駐車場,,1,vocab
高大,,1,vocab
黒,,1,vocab
～がります,,1,vocab
～曜日,,1,vocab
アイスクリーム,2,2,vocab
ラーメン,2,2,vocab
ああ,3,2,vocab
え,3,2,vocab
こう,3,2,vocab
それで,3,2,vocab
それとも,3,2,vocab
やっと,3,2,vocab
わあ,3,2,vocab
エスカレーター,3,2,vocab
エレベーター,3,2,vocab
カウンター,3,2,vocab
ゲート,3,2,vocab
ターミナル,3,2,vocab
パスポート,3,2,vocab
ホテル,3,2,vocab
ロビー,3,2,vocab
何番,3,2,vocab
入り口,3,2,vocab
出口,3,2,vocab
出発,3,2,vocab
出発する,3,2,vocab
到着,3,2,vocab
到着する,3,2,vocab
外人,3,2,vocab
外国人,3,2,vocab
大丈夫,3,2,vocab
成田,3,2,vocab
案内,3,2,vocab
案内所,3,2,vocab
番号,3,2,vocab
疲れる,3,2,vocab
直接,3,2,vocab
税関,3,2,vocab
空港,3,2,vocab
良し！,3,2,vocab
荷物,3,2,vocab
見せる,3,2,vocab
見つける,3,2,vocab
駄目,3,2,vocab
～番,3,2,vocab
一,4,2,kanji
三,4,2,kanji
二,4,2,kanji
折る,5,2,vocab
遊ぶ,5,2,vocab
五,6,2,kanji
六,6,2,kanji
四,6,2,kanji
いらっしゃいませ,6,2,vocab
お二人,6,2,vocab
お待ちください,6,2,vocab
お楽しみ下さい,6,2,vocab
お部屋,6,2,vocab
かしこまる,6,2,vocab
どうぞ,6,2,vocab
なる,6,2,vocab
よろしい,6,2,vocab
キャンセル,6,2,vocab
キャンセルする,6,2,vocab
スミス,6,2,vocab
ゼロ,6,2,vocab
ソニー,6,2,vocab
チェックアウト,6,2,vocab
チェックアウトする,6,2,vocab
チェックイン,6,2,vocab
チェックインする,6,2,vocab
ビル,6,2,vocab
フィード,6,2,vocab
フォーク,6,2,vocab
フロント,6,2,vocab
プール,6,2,vocab
ポリシー,6,2,vocab
一泊,6,2,vocab
一階,6,2,vocab
七泊,6,2,vocab
七階,6,2,vocab
三泊,6,2,vocab
三階,6,2,vocab
丸,6,2,vocab
乗る,6,2,vocab
九泊,6,2,vocab
九階,6,2,vocab
予約,6,2,vocab
二泊,6,2,vocab
二階,6,2,vocab
五泊,6,2,vocab
五階,6,2,vocab
何泊,6,2,vocab
何階,6,2,vocab
何階建て,6,2,vocab
使う,6,2,vocab
八十五,6,2,vocab
八泊,6,2,vocab
八階,6,2,vocab
六泊,6,2,vocab
六泊,6,2,vocab
六階,6,2,vocab
十一泊,6,2,vocab
十泊,6,2,vocab
十階,6,2,vocab
可能,6,2,vocab
四泊,6,2,vocab
四階,6,2,vocab
宿泊,6,2,vocab
宿泊する,6,2,vocab
少々,6,2,vocab
料金,6,2,vocab
旅行,6,2,vocab
旅行する,6,2,vocab
旅館,6,2,vocab
楽しむ,6,2,vocab
浴衣,6,2,vocab
温泉,6,2,vocab
町,6,2,vocab
確認,6,2,vocab
確認する,6,2,vocab
請求書,6,2,vocab
階段,6,2,vocab
零,6,2,vocab
１０泊,6,2,vocab
～号室,6,2,vocab
～建て,6,2,vocab
～様,6,2,vocab
～泊,6,2,vocab
～階,6,2,vocab
～階建て,6,2,vocab
七,7,2,kanji
九,7,2,kanji
八,7,2,kanji
十,7,2,kanji
コンクリート,7,2,vocab
プレゼント,7,2,vocab
侍,7,2,vocab
便,7,2,vocab
北,7,2,vocab
南,7,2,vocab
大阪,7,2,vocab
帰る,7,2,vocab
東,7,2,vocab
西,7,2,vocab
日,9,2,kanji
月,9,2,kanji
火,9,2,kanji
あたし,9,2,vocab
おい,9,2,vocab
お前,9,2,vocab
みんな,9,2,vocab
休日,9,2,vocab
作る,9,2,vocab
俺,9,2,vocab
僕,9,2,vocab
君,9,2,vocab
日,9,2,vocab
日,9,2,vocab
月,9,2,vocab
火,9,2,vocab
火事,9,2,vocab
皆さん,9,2,vocab
土,10,2,kanji
木,10,2,kanji
水,10,2,kanji
金,10,2,kanji
から,10,2,vocab
だから,10,2,vocab
ですから,10,2,vocab
土,10,2,vocab
土地,10,2,vocab
木材,10,2,vocab
水圧,10,2,vocab
良子,10,2,vocab
金,10,2,vocab
金属,10,2,vocab
金魚,10,2,vocab
上,11,2,kanji
下,11,2,kanji
右,11,2,kanji
左,11,2,kanji
明,11,2,kanji
いつも,11,2,vocab
お弁当,11,2,vocab
くし,11,2,vocab
とかす,11,2,vocab
ひげ,11,2,vocab
までに,11,2,vocab
ケーキ,11,2,vocab
コーヒー,11,2,vocab
シャワー,11,2,vocab
シャンプー,11,2,vocab
タオル,11,2,vocab
ドライヤー,11,2,vocab
フライパン,11,2,vocab
ブラシ,11,2,vocab
リンス,11,2,vocab
上げる,11,2,vocab
下げる,11,2,vocab
下る,11,2,vocab
下品,11,2,vocab
乾かす,11,2,vocab
今晩,11,2,vocab
値段,11,2,vocab
傘,11,2,vocab
入る,11,2,vocab
入れる,11,2,vocab
剃る,11,2,vocab
剃刀,11,2,vocab
化粧,11,2,vocab
右折,11,2,vocab
地下,11,2,vocab
夕食,11,2,vocab
寝る,11,2,vocab
左右,11,2,vocab
左折,11,2,vocab
弁当,11,2,vocab
拭く,11,2,vocab
持って来る,11,2,vocab
持って行く,11,2,vocab
持つ,11,2,vocab
新聞,11,2,vocab
明るい,11,2,vocab
昼食,11,2,vocab
朝食,11,2,vocab
歯ブラシ,11,2,vocab
歯磨き,11,2,vocab
洗う,11,2,vocab
浴びる,11,2,vocab
焼く,11,2,vocab
眠い,11,2,vocab
石鹸,11,2,vocab
磨く,11,2,vocab
説明,11,2,vocab
説明する,11,2,vocab
起きる,11,2,vocab
鞄,11,2,vocab
中,12,2,kanji
力,12,2,kanji
大,12,2,kanji
小,12,2,kanji
田,12,2,kanji
な,12,2,vocab
アパート,12,2,vocab
テレビゲーム,12,2,vocab
ラッキー,12,2,vocab
一日中,12,2,vocab
力,12,2,vocab
協力,12,2,vocab
協力する,12,2,vocab
大切,12,2,vocab
大変,12,2,vocab
小説,12,2,vocab
山田,12,2,vocab
本田,12,2,vocab
村田,12,2,vocab
松田,12,2,vocab
水力,12,2,vocab
田んぼ,12,2,vocab
田村,12,2,vocab
真ん中,12,2,vocab
豊田,12,2,vocab
口,13,2,kanji
手,13,2,kanji
目,13,2,kanji
耳,13,2,kanji
足,13,2,kanji
スープ,13,2,vocab
テスト,13,2,vocab
ビル,13,2,vocab
マイクロソフト,13,2,vocab
人口,13,2,vocab
健二,13,2,vocab
歌手,13,2,vocab
満足,13,2,vocab
満足する,13,2,vocab
目的,13,2,vocab
空手,13,2,vocab
足りる,13,2,vocab
人,14,2,kanji
女,14,2,kanji
子,14,2,kanji
男,14,2,kanji
お下がりください,14,2,vocab
お内,14,2,vocab
ご注意,14,2,vocab
しまった,14,2,vocab
アナウンス,14,2,vocab
チケット,14,2,vocab
ホーム,14,2,vocab
上野,14,2,vocab
下がる,14,2,vocab
人間,14,2,vocab
光子,14,2,vocab
内,14,2,vocab
内側,14,2,vocab
切符,14,2,vocab
千代田,14,2,vocab
参る,14,2,vocab
反対,14,2,vocab
地図,14,2,vocab
売り場,14,2,vocab
大人,14,2,vocab
女子,14,2,vocab
女性,14,2,vocab
子ども,14,2,vocab
御～,14,2,vocab
快速,14,2,vocab
改札口,14,2,vocab
新宿,14,2,vocab
日比谷,14,2,vocab
普通,14,2,vocab
止まる,14,2,vocab
注意,14,2,vocab
注意する,14,2,vocab
浅草,14,2,vocab
渋谷,14,2,vocab
特急,14,2,vocab
男子,14,2,vocab
男性,14,2,vocab
発車,14,2,vocab
発車する,14,2,vocab
窓口,14,2,vocab
線,14,2,vocab
線路,14,2,vocab
自動販売機,14,2,vocab
銀座,14,2,vocab
長男,14,2,vocab
閉まる,14,2,vocab
間もなく,14,2,vocab
駅員,14,2,vocab
～目,14,2,vocab
～線,14,2,vocab
～行き,14,2,vocab
先,15,2,kanji
君,15,2,kanji
生,15,2,kanji
私,15,2,kanji
メートル,15,2,vocab
一年生,15,2,vocab
一生,15,2,vocab
先,15,2,vocab
先日,15,2,vocab
大学生,15,2,vocab
嬉しがる,15,2,vocab
寒がる,15,2,vocab
欲しい,15,2,vocab
欲しがる,15,2,vocab
生,15,2,vocab
生きる,15,2,vocab
生まれる,15,2,vocab
生む,15,2,vocab
私服,15,2,vocab
行きたがる,15,2,vocab
見たがる,15,2,vocab
読みたがる,15,2,vocab
食べたがる,15,2,vocab
～がる,15,2,vocab
～君,15,2,vocab
白,16,2,kanji
米,16,2,kanji
赤,16,2,kanji
青,16,2,kanji
おお,16,2,vocab
お米,16,2,vocab
ごめん,16,2,vocab
ごめんなさい,16,2,vocab
ねえ,16,2,vocab
亜米利加,16,2,vocab
何色,16,2,vocab
借りる,16,2,vocab
構う,16,2,vocab
白人,16,2,vocab
白米,16,2,vocab
白鳥,16,2,vocab
米,16,2,vocab
米国,16,2,vocab
貸す,16,2,vocab
赤ちゃん,16,2,vocab
赤十字,16,2,vocab
青年,16,2,vocab
面白い,16,2,vocab
山,17,2,kanji
川,17,2,kanji
森,17,2,kanji
花,17,2,kanji
雨,17,2,kanji
お茶,17,2,vocab
じゃあ,17,2,vocab
じゃん,17,2,vocab
だけ,17,2,vocab
エベレスト山,17,2,vocab
シェアする,17,2,vocab
ドーナツ,17,2,vocab
一緒,17,2,vocab
上手い,17,2,vocab
人気,17,2,vocab
今度,17,2,vocab
勿論,17,2,vocab
取る,17,2,vocab
多分,17,2,vocab
富士山,17,2,vocab
席,17,2,vocab
旨い,17,2,vocab
昔,17,2,vocab
梅雨,17,2,vocab
梅雨,17,2,vocab
森,17,2,vocab
森林,17,2,vocab
森田,17,2,vocab
河川,17,2,vocab
注文,17,2,vocab
注文する,17,2,vocab
番,17,2,vocab
空く,17,2,vocab
緑茶,17,2,vocab
花火,17,2,vocab
花瓶,17,2,vocab
観光,17,2,vocab
観光する,17,2,vocab
辺,17,2,vocab
辺り,17,2,vocab
込む,17,2,vocab
近い,17,2,vocab
近く,17,2,vocab
開く,17,2,vocab
青森,17,2,vocab
～でも,17,2,vocab
～山,17,2,vocab
入,18,2,kanji
出,18,2,kanji
分,18,2,kanji
行,18,2,kanji
見,18,2,kanji
ごみ,18,2,vocab
クラス,18,2,vocab
上がる,18,2,vocab
下がる,18,2,vocab
入力,18,2,vocab
入力する,18,2,vocab
出す,18,2,vocab
出る,18,2,vocab
出力,18,2,vocab
出力する,18,2,vocab
分かる,18,2,vocab
始まる,18,2,vocab
始める,18,2,vocab
止める,18,2,vocab
自分,18,2,vocab
行く,18,2,vocab
行動,18,2,vocab
見る,18,2,vocab
閉める,18,2,vocab
開ける,18,2,vocab
円,19,2,kanji
本,19,2,kanji
正,19,2,kanji
石,19,2,kanji
雲,19,2,kanji
事,19,2,vocab
元,19,2,vocab
円形,19,2,vocab
山本,19,2,vocab
星雲,19,2,vocab
本土,19,2,vocab
松本,19,2,vocab
正しい,19,2,vocab
正月,19,2,vocab
正直,19,2,vocab
石,19,2,vocab
石山,19,2,vocab
石川,19,2,vocab
石本,19,2,vocab
石炭,19,2,vocab
石田,19,2,vocab
磁石,19,2,vocab
訂正,19,2,vocab
足下,19,2,vocab
足元,19,2,vocab
何,20,2,kanji
冬,20,2,kanji
夏,20,2,kanji
家,20,2,kanji
王,20,2,kanji
音,20,2,kanji
おにぎり,20,2,vocab
お会計,20,2,vocab
お菓子,20,2,vocab
お越しください,20,2,vocab
お釣り,20,2,vocab
お預かりします,20,2,vocab
お願いする,20,2,vocab
ご家族,20,2,vocab
カレーパン,20,2,vocab
カレーライス,20,2,vocab
ガム,20,2,vocab
ツナマヨ,20,2,vocab
レジ,20,2,vocab
以上,20,2,vocab
冬眠,20,2,vocab
冬眠する,20,2,vocab
初夏,20,2,vocab
家族,20,2,vocab
梅干し,20,2,vocab
海苔,20,2,vocab
渡す,20,2,vocab
温める,20,2,vocab
漫画,20,2,vocab
熊,20,2,vocab
牛肉,20,2,vocab
王,20,2,vocab
王国,20,2,vocab
王子,20,2,vocab
発音,20,2,vocab
紅茶,20,2,vocab
缶コーヒー,20,2,vocab
菓子パン,20,2,vocab
越す,20,2,vocab
雑誌,20,2,vocab
音,20,2,vocab
預かる,20,2,vocab
鮭,20,2,vocab
～家,20,2,vocab
会,21,2,kanji
外,21,2,kanji
学,21,2,kanji
海,21,2,kanji
門,21,2,kanji
さっき,21,2,vocab
まだ,21,2,vocab
もう,21,2,vocab
三水,21,2,vocab
会う,21,2,vocab
会話,21,2,vocab
会話する,21,2,vocab
会議,21,2,vocab
外国,21,2,vocab
外科,21,2,vocab
学ぶ,21,2,vocab
学生,21,2,vocab
海,21,2,vocab
海上,21,2,vocab
海水,21,2,vocab
門,21,2,vocab
牛,22,2,kanji
犬,22,2,kanji
馬,22,2,kanji
魚,22,2,kanji
鳥,22,2,kanji
トロイの木馬,22,2,vocab
子犬,22,2,vocab
忘れる,22,2,vocab
木馬,22,2,vocab
柴犬,22,2,vocab
水牛,22,2,vocab
牛,22,2,vocab
番犬,22,2,vocab
覚える,22,2,vocab
馬力,22,2,vocab
～かどうか,22,2,vocab
京,23,2,kanji
休,23,2,kanji
気,23,2,kanji
玉,23,2,kanji
空,23,2,kanji
いか,23,2,vocab
うどん,23,2,vocab
おかず,23,2,vocab
お腹,23,2,vocab
ぐんかん,23,2,vocab
そば,23,2,vocab
たこ,23,2,vocab
イタリア料理,23,2,vocab
インド料理,23,2,vocab
カツ丼,23,2,vocab
タイ料理,23,2,vocab
中華料理,23,2,vocab
丼,23,2,vocab
乾く,23,2,vocab
京都,23,2,vocab
休み,23,2,vocab
休む,23,2,vocab
体,23,2,vocab
味噌,23,2,vocab
味噌ラーメン,23,2,vocab
味噌汁,23,2,vocab
唐辛子,23,2,vocab
喉,23,2,vocab
巻き寿司,23,2,vocab
握り寿司,23,2,vocab
春巻き,23,2,vocab
気をつける,23,2,vocab
気分,23,2,vocab
水玉,23,2,vocab
焼きそば,23,2,vocab
牛丼,23,2,vocab
玉,23,2,vocab
目玉,23,2,vocab
空く,23,2,vocab
空っぽ,23,2,vocab
空気,23,2,vocab
親子丼,23,2,vocab
豚骨ラーメン,23,2,vocab
醤油ラーメン,23,2,vocab
電気,23,2,vocab
食事する,23,2,vocab
餃子,23,2,vocab
鮪,23,2,vocab
鯖,23,2,vocab
～にくい,23,2,vocab
～やすい,23,2,vocab
思,25,2,kanji
考,25,2,kanji
言,25,2,kanji
話,25,2,kanji
不思議,25,2,vocab
全く,25,2,vocab
思う,25,2,vocab
思考,25,2,vocab
思考力,25,2,vocab
無言,25,2,vocab
考え,25,2,vocab
考える,25,2,vocab
言う,25,2,vocab
言語,25,2,vocab
言語道断,25,2,vocab
話,25,2,vocab
話す,25,2,vocab
馬鹿,25,2,vocab
馬鹿馬鹿しい,25,2,vocab
元,26,2,kanji
光,26,2,kanji
古,26,2,kanji
工,26,2,kanji
戸,26,2,kanji
って,26,2,vocab
と,26,2,vocab
中古,26,2,vocab
元日,26,2,vocab
光,26,2,vocab
光る,26,2,vocab
光年,26,2,vocab
古い,26,2,vocab
叫ぶ,26,2,vocab
工事,26,2,vocab
工事中,26,2,vocab
工学,26,2,vocab
戸口,26,2,vocab
戸籍,26,2,vocab
教える,26,2,vocab
答える,26,2,vocab
考古学,26,2,vocab
今,27,2,kanji
国,27,2,kanji
校,27,2,kanji
高,27,2,kanji
黒,27,2,kanji
つもり,27,2,vocab
予定,27,2,vocab
今週末,27,2,vocab
全然,27,2,vocab
別に,27,2,vocab
国,27,2,vocab
特に,27,2,vocab
特別,27,2,vocab
週末,27,2,vocab
高校生,27,2,vocab
黒人,27,2,vocab
作,28,2,kanji
字,28,2,kanji
時,28,2,kanji
糸,28,2,kanji
紙,28,2,kanji
お待たせ,28,2,vocab
お待たせいたしました,28,2,vocab
お待たせしました,28,2,vocab
お決まりですか,28,2,vocab
お飲物,28,2,vocab
ごゆっくり,28,2,vocab
ご注文,28,2,vocab
ご馳走様でした,28,2,vocab
そろそろ,28,2,vocab
ところで,28,2,vocab
ゆっくり,28,2,vocab
ウエーター,28,2,vocab
ウエートレス,28,2,vocab
カード,28,2,vocab
クレジットカード,28,2,vocab
セット,28,2,vocab
ファミレス,28,2,vocab
メニュー,28,2,vocab
何名様,28,2,vocab
作家,28,2,vocab
字,28,2,vocab
払う,28,2,vocab
数字,28,2,vocab
時,28,2,vocab
時間,28,2,vocab
最高,28,2,vocab
毛糸,28,2,vocab
決まる,28,2,vocab
決める,28,2,vocab
漢字,28,2,vocab
現金,28,2,vocab
糸,28,2,vocab
繰り返す,28,2,vocab
致す,28,2,vocab
表紙,28,2,vocab
頂きます,28,2,vocab
の,29,2,vocab
物,29,2,vocab
少,30,2,kanji
春,30,2,kanji
書,30,2,kanji
秋,30,2,kanji
車,30,2,kanji
少し,30,2,vocab
少ない,30,2,vocab
少女,30,2,vocab
少年,30,2,vocab
文書,30,2,vocab
書く,30,2,vocab
秋分,30,2,vocab
自動車,30,2,vocab
辞書,30,2,vocab
青春,30,2,vocab
青春期,30,2,vocab
切,31,2,kanji
声,31,2,kanji
心,31,2,kanji
色,31,2,kanji
雪,31,2,kanji
ガソリン,31,2,vocab
一色,31,2,vocab
切る,31,2,vocab
声,31,2,vocab
声明,31,2,vocab
声明する,31,2,vocab
大雪,31,2,vocab
小心,31,2,vocab
心,31,2,vocab
心配,31,2,vocab
心配する,31,2,vocab
必要,31,2,vocab
景色,31,2,vocab
色々,31,2,vocab
要る,31,2,vocab
親切,31,2,vocab
北,32,2,kanji
千,32,2,kanji
南,32,2,kanji
東,32,2,kanji
西,32,2,kanji
なの,32,2,vocab
なん,32,2,vocab
の,32,2,vocab
ん,32,2,vocab
アジア,32,2,vocab
ニューヨーク,32,2,vocab
中東,32,2,vocab
北海道,32,2,vocab
千鳥,32,2,vocab
南米,32,2,vocab
東京,32,2,vocab
東北,32,2,vocab
東南,32,2,vocab
東海岸,32,2,vocab
西北,32,2,vocab
西南,32,2,vocab
西洋,32,2,vocab
西海岸,32,2,vocab
前,33,2,kanji
夕,33,2,kanji
早,33,2,kanji
草,33,2,kanji
走,33,2,kanji
しろ,33,2,vocab
スポーツカー,33,2,vocab
フリージャズ,33,2,vocab
六本木,33,2,vocab
六本木ヒルズ,33,2,vocab
前日,33,2,vocab
夕方,33,2,vocab
夕日,33,2,vocab
太郎,33,2,vocab
早い,33,2,vocab
早春,33,2,vocab
橋本,33,2,vocab
競走,33,2,vocab
草原,33,2,vocab
走る,33,2,vocab
地,34,2,kanji
多,34,2,kanji
池,34,2,kanji
知,34,2,kanji
竹,34,2,kanji
あまり,34,2,vocab
あら,34,2,vocab
あらま,34,2,vocab
あんまり,34,2,vocab
いつでも,34,2,vocab
いや,34,2,vocab
かい,34,2,vocab
そしたら,34,2,vocab
だろ,34,2,vocab
でしょ,34,2,vocab
とか,34,2,vocab
なるほど,34,2,vocab
へえ,34,2,vocab
ほら,34,2,vocab
やあ,34,2,vocab
やっぱり,34,2,vocab
やはり,34,2,vocab
やる,34,2,vocab
よう,34,2,vocab
カラオケボックス,34,2,vocab
ビートルズ,34,2,vocab
マドンナ,34,2,vocab
メール,34,2,vocab
リモコン,34,2,vocab
切れる,34,2,vocab
初めて,34,2,vocab
呼ぶ,34,2,vocab
多い,34,2,vocab
多少,34,2,vocab
実は,34,2,vocab
小さな,34,2,vocab
曲,34,2,vocab
歌,34,2,vocab
歌う,34,2,vocab
気に入る,34,2,vocab
池,34,2,vocab
爆竹,34,2,vocab
知る,34,2,vocab
知人,34,2,vocab
竹,34,2,vocab
近いうちに,34,2,vocab
選ぶ,34,2,vocab
電池,34,2,vocab
ＣＤ,34,2,vocab
～通り,34,2,vocab
年,35,2,kanji
村,35,2,kanji
町,35,2,kanji
虫,35,2,kanji
長,35,2,kanji
あっち,35,2,vocab
こっち,35,2,vocab
そっち,35,2,vocab
どっち,35,2,vocab
より,35,2,vocab
中村,35,2,vocab
年,35,2,vocab
方,35,2,vocab
昆虫,35,2,vocab
木村,35,2,vocab
村,35,2,vocab
校長先生,35,2,vocab
町内,35,2,vocab
町長,35,2,vocab
虫,35,2,vocab
虫歯,35,2,vocab
西村,35,2,vocab
農村,35,2,vocab
天,36,2,kanji
朝,36,2,kanji
読,36,2,kanji
道,36,2,kanji
一晩中,36,2,vocab
天,36,2,vocab
天の川,36,2,vocab
天才,36,2,vocab
天気,36,2,vocab
早朝,36,2,vocab
朝一,36,2,vocab
水道,36,2,vocab
読む,36,2,vocab
読書,36,2,vocab
読者,36,2,vocab
～ヶ月,36,2,vocab
～内,36,2,vocab
～週,36,2,vocab
～間,36,2,vocab
半,37,2,kanji
母,37,2,kanji
父,37,2,kanji
百,37,2,kanji
風,37,2,kanji
かぼちゃ,37,2,vocab
さつま芋,37,2,vocab
じゃがいも,37,2,vocab
ほうれん草,37,2,vocab
カップラーメン,37,2,vocab
キュウリ,37,2,vocab
クロワッサン,37,2,vocab
コーナー,37,2,vocab
ハム,37,2,vocab
ハヤシライス,37,2,vocab
ピザ,37,2,vocab
ピーマン,37,2,vocab
ヨーグルト,37,2,vocab
ラム,37,2,vocab
ルー,37,2,vocab
一時半,37,2,vocab
列,37,2,vocab
半ば,37,2,vocab
半分,37,2,vocab
厚い,37,2,vocab
厚切り,37,2,vocab
向こう,37,2,vocab
売る,37,2,vocab
奥,37,2,vocab
手前,37,2,vocab
探す,37,2,vocab
棚,37,2,vocab
横,37,2,vocab
母国,37,2,vocab
母国語,37,2,vocab
海老,37,2,vocab
瓶,37,2,vocab
端っこ,37,2,vocab
箱,37,2,vocab
缶,37,2,vocab
缶詰,37,2,vocab
羊,37,2,vocab
羊肉,37,2,vocab
肉,37,2,vocab
茄子,37,2,vocab
薄い,37,2,vocab
薄切り,37,2,vocab
豚,37,2,vocab
豚肉,37,2,vocab
隣,37,2,vocab
風,37,2,vocab
風車,37,2,vocab
食パン,37,2,vocab
鶏肉,37,2,vocab
名,38,2,kanji
帰,38,2,kanji
文,38,2,kanji
方,38,2,kanji
止,38,2,kanji
くれる,38,2,vocab
やる,38,2,vocab
上げる,38,2,vocab
下さる,38,2,vocab
中止,38,2,vocab
中止する,38,2,vocab
名,38,2,vocab
名人,38,2,vocab
名前,38,2,vocab
大統領,38,2,vocab
差し上げる,38,2,vocab
帰り道,38,2,vocab
帰国,38,2,vocab
帰国する,38,2,vocab
息子,38,2,vocab
文,38,2,vocab
文化,38,2,vocab
文子,38,2,vocab
文学,38,2,vocab
文明,38,2,vocab
方,38,2,vocab
方言,38,2,vocab
有名,38,2,vocab
貰う,38,2,vocab
頂く,38,2,vocab
友,39,2,kanji
夜,39,2,kanji
毛,39,2,kanji
用,39,2,kanji
間,39,2,kanji
いつか,39,2,vocab
どうにか,39,2,vocab
どこか,39,2,vocab
どこにも,39,2,vocab
どこも,39,2,vocab
どれも,39,2,vocab
なぜか,39,2,vocab
わに,39,2,vocab
今夜,39,2,vocab
何も,39,2,vocab
友人,39,2,vocab
夜中,39,2,vocab
毛布,39,2,vocab
毛虫,39,2,vocab
用いる,39,2,vocab
用心,39,2,vocab
用心する,39,2,vocab
用紙,39,2,vocab
誰か,39,2,vocab
誰とも,39,2,vocab
誰にも,39,2,vocab
誰も,39,2,vocab
間,39,2,vocab
～でも,39,2,vocab
～用,39,2,vocab
安,40,2,kanji
悪,40,2,kanji
来,40,2,kanji
林,40,2,kanji
立,40,2,kanji
くれ,40,2,vocab
ため,40,2,vocab
国立,40,2,vocab
安全,40,2,vocab
安心,40,2,vocab
安心する,40,2,vocab
小林,40,2,vocab
悪運,40,2,vocab
来る,40,2,vocab
林,40,2,vocab
林,40,2,vocab
林学,40,2,vocab
林田,40,2,vocab
私立,40,2,vocab
立つ,40,2,vocab
良,41,2,kanji
近,41,2,kanji
遠,41,2,kanji
食,41,2,kanji
駅,41,2,kanji
かしら,41,2,vocab
わ,41,2,vocab
最近,41,2,vocab
永遠,41,2,vocab
良心,41,2,vocab
近道,41,2,vocab
遠い,41,2,vocab
食べる,41,2,vocab
お参り,42,2,vocab
お土産,42,2,vocab
お寺,42,2,vocab
くむ,42,2,vocab
ころ,42,2,vocab
すべて,42,2,vocab
ほ,42,2,vocab
まず,42,2,vocab
まっすぐ,42,2,vocab
まま,42,2,vocab
もう,42,2,vocab
ゆすぐ,42,2,vocab
カメラ,42,2,vocab
亀,42,2,vocab
仏教,42,2,vocab
動物,42,2,vocab
可愛い,42,2,vocab
坂,42,2,vocab
堂,42,2,vocab
場所,42,2,vocab
感動,42,2,vocab
感動する,42,2,vocab
成田山,42,2,vocab
曲がる,42,2,vocab
清める,42,2,vocab
準備,42,2,vocab
準備する,42,2,vocab
着く,42,2,vocab
神社,42,2,vocab
神道,42,2,vocab
習慣,42,2,vocab
脱ぐ,42,2,vocab
色んな,42,2,vocab
角,42,2,vocab
設立,42,2,vocab
設立する,42,2,vocab
鯉,42,2,vocab
鳥居,42,2,vocab
ＪＲ,42,2,vocab
～くらい,42,2,vocab
～ぐらい,42,2,vocab
ある,,2,vocab
いる,,2,vocab
お兄さん,,2,vocab
お姉さん,,2,vocab
かむ,,2,vocab
が,,2,vocab
が,,2,vocab
けど,,2,vocab
けれど,,2,vocab
けれども,,2,vocab
しかし,,2,vocab
する,,2,vocab
で,,2,vocab
でも,,2,vocab
の,,2,vocab
は,,2,vocab
はめる,,2,vocab
や,,2,vocab
ズボン,,2,vocab
ハイキングする,,2,vocab
ハンバーグ,,2,vocab
バス停,,2,vocab
一杯,,2,vocab
三,,2,vocab
上る,,2,vocab
二,,2,vocab
五,,2,vocab
住む,,2,vocab
働く,,2,vocab
冷凍する,,2,vocab
努力する,,2,vocab
勉強する,,2,vocab
受ける,,2,vocab
履く,,2,vocab
座る,,2,vocab
引く,,2,vocab
待つ,,2,vocab
掃除する,,2,vocab
握手する,,2,vocab
料理する,,2,vocab
日本語,,2,vocab
晴れる,,2,vocab
暖かい,,2,vocab
曇る,,2,vocab
歩く,,2,vocab
死ぬ,,2,vocab
泳ぐ,,2,vocab
温かい,,2,vocab
無い,,2,vocab
発明する,,2,vocab
着る,,2,vocab
練習する,,2,vocab
置く,,2,vocab
聞く,,2,vocab
英語,,2,vocab
被る,,2,vocab
襲う,,2,vocab
買う,,2,vocab
足指,,2,vocab
運動する,,2,vocab
運転する,,2,vocab
鈴木,,2,vocab
開く,,2,vocab
降る,,2,vocab
電話する,,2,vocab
飛ぶ,,2,vocab
飲む,,2,vocab
～ちゃん,,2,vocab
～人,,2,vocab
～屋,,2,vocab
～屋さん,,2,vocab
～年生,,2,vocab
～度,,2,vocab
～日,,2,vocab
～札,,2,vocab
～生,,2,vocab
～達,,2,vocab
